id,description,water,vol. sil,non vol sil,humectant,occlusive,shear gel,elastomer,emollient,surfactant,particle,polymer,pres.,total,pred absorb.,pred cream,pred drag-I,pred gloss,pred greasy-5,pred greasy-I,pred oily-I,pred peak,pred silky-5,pred silky-I,pred spread,pred sticky-5,pred sticky-1,pred thick,pred wet ,pred visc,pred yld stress,pred dry time,pred RI8,SSNC absorb.,SE,SSNC cream,SSNC drag-I,SSNC gloss,SSNC greasy-5,SSNC greasy-I,SSNC oily-I,SSNC peak,SSNC silky-5,SSNC silky-I,SSNC spread,SSNC sticky-5,SSNC sticky-1,SSNC thick,SSNC wet ,SSNC study,meas. visc,meas yld stress,meas dry time,act RI 8,SSNC dim 1 all,SSNC dim 2 all,SSNC dim 1 15,SSNC dim 2 15,SSNC dim 1 15 corr,SSNC dim 2 15 corr,pred dim 1,pred dim 2,corr pred dim 1,corr pred  dim 2,surf chassis,elastomer type,polymer system
ISRM 08,Dove Body Milk/Dove Essential Nourishment Body Lotion,69.94,7,0,7,0,0,0,12.51,2.5,0,0,1.05,100,43.58,40.48,36.52,68.52,11.17,22.31,10.77,38.73,16.27,17.94,66.7,10.82,27.07,40.42,64.58,1718,46,15.3,31.1,46.31,7.45,45.37,41.57,68.27,13.5,20.07,12.17,40.7,13.8,16.57,60.27,9.87,21.1,47.67,45.97,11-0238,2374,21,17.8,33.2,0.13,0,0.189,-0.072,0.2,0.02,-0.416,0.103,-0.29,0.15,other,none,none
ISRM 09,Dove Intensive Firming Gel Cream,68.373,1,2,18,1,0,0,2.112,6.05,0.1,0.315,1.05,100,38.34,38.49,44.83,65.48,8.91,18.41,10.4,41.91,17.45,16.74,68.61,16.65,34.07,37.69,56.14,1534,53,12.1,31.1,50.57,149.58,32.97,49.5,63.5,8.7,16.5,10.83,40.23,18.63,19.27,75.1,18.33,34.13,33.97,65.9,11-0238,1498,82,11.3,29.5,-0.52,-0.52,-0.681,-0.486,-0.62,-0.47,-0.29,-0.209,-0.14,-0.19,VICL,none,Carbopol
ISRM 10,"Dove Tinderbox (Intensive Cream, Nourishing Care)",54.28,0,0,7,17,0,0,12,8.37,0.2,0.2,0.95,100,49.85,62.45,53.68,56.59,31.16,45.36,12.65,50.05,15.67,13.68,43.96,20.27,39.09,70.26,27.62,2610,108,11.9,38.5,38.33,132.81,68.57,56.17,52.93,35.07,47.83,11.27,47.37,11.07,12.17,38,26.4,42.67,74.13,22,11-0238,3988,128,12.7,41.8,1.72,-0.35,1.982,-0.427,1.7,-0.4,1.645,-0.258,1.46,-0.24,VICL,none,Carbopol/Veegum
ISRM 11,Dove Sparrow / Giant/Dove Visible Effects Body Lotion,58.7,0.759,1.103,25,0,0,0.138,3.5,7.75,2,0,1.05,100,37.52,39.29,49.26,61.12,6.99,16.09,9.94,43.07,15.38,16.16,68.51,18.23,25.56,40.53,56.48,1549,41,11.1,32.2,41.4,15.03,33.6,36.33,62.87,9.8,17.33,9.73,38.67,20.6,21.1,73.77,15.73,28.2,35.03,66.59,11-0238,714,14,8,28,-0.71,0.14,-0.736,0.235,-0.69,0.35,-0.197,-0.455,-0.03,-0.46,VICL,none,Carbopol/Simulgel
ISRM 12,Icing Elastomer Invert Day,47.37,0.18,0,10.3,0,0,26,10.3,1.95,2.5,0.72,0.68,100,34.93,43.99,28.79,61.58,12.56,25.6,11.05,37.1,33.02,34.66,58.68,12.38,30.39,49.6,46.82,2187,28,9.6,19.1,42.5,57.32,46.43,29.33,64.6,10.37,18.73,11.3,34.87,18.9,22.3,60.93,12.5,20.93,49.33,45.03,11-0238,1434,19,10.2,29.1,-0.36,0.38,0.045,0.674,0.08,0.79,0.034,1.492,0.21,1.45,invert,9045,none
ISRM 13,Icing Eye Cream,10,11.35,0,15.3,0,0,45.57,4.63,1.25,11.7,0,0.2,100,35.16,40.16,23.51,54.24,13.84,28.27,11.8,36.42,38.98,44.65,59.86,14.52,28.19,46.01,28.49,2783,14,0.1,12.2,33.93,1.51,48.53,24.7,55.77,11.33,26,8.73,41.23,28.9,36.33,49.33,11.33,23.63,53.57,20.37,11-0238,2298,38,2.4,20.9,0.55,1.72,0.787,1.857,0.64,1.78,0.186,2.263,0.37,2.05,invert,9045,none
ISRM 14,Pond's Age Defense ,66.2,8.5,0.25,5,0,0,0,9.45,6,3,1,0.6,100,42.04,44.11,51.63,61.89,9.86,20.53,10.62,41.67,17.96,18.07,66.15,9.79,27.95,44.48,57.35,1049,29,12.7,30.7,40.67,1.89,47.23,60.67,59.5,6.13,17.17,8.7,51.13,11.93,11.9,55.67,18.53,36.3,51.27,38.27,11-0238,2687,66,12.7,36.4,0.8,-1,0.74,-0.94,0.6,-1.09,-0.061,-0.378,0.11,-0.37,VICL,none,Aristoflex
ISRM 15,Ponds Double White Night Lotion ,81.53,0,1.01,8.39,0,0,0,3.3,2.2,0,2.8,0.77,100,37.91,25.59,45.19,73.41,6.89,15.9,9.89,23.18,17.65,13.96,77.72,11.49,35.38,28.55,76.6,974,32,14.6,32.5,44.07,37.9,21,47.17,77.5,5.1,11.27,10.5,11.17,12.7,11.72,84.4,14.73,40.07,17.4,82.5,11-0238,260,2,13,36.7,-2.8,-1.67,-1.918,-1.059,-2.75,-1.26,-1.326,-0.544,-1.49,-0.56,other,none,Sepigel/Veegum/xanthan
ISRM 16,Ponds Fine Pore Moisturizer ,46.137,3.5,0.75,3.5,0,0,39.4,0.65,0.758,4.3,0.58,0.425,100,31.85,37.64,23.05,58.11,10.09,21.35,11.17,34.22,39.68,42.82,71.07,8.95,22.34,37.06,57.35,2238,20,6.7,11.3,36.73,23.8,34.5,17.17,57.33,10.83,24.43,10.8,34.37,51.67,60.86,75.27,10.6,25.57,35,63.1,11-0238,2393,30,6,0.6,-0.94,2.54,-1.029,2.949,-1.08,2.6,-0.694,2.019,-0.62,1.87,silky,Gransil,Sepigel
ISRM 17,Ponds Masstige Upper Eye Cream,0,16.8,0,0,0,0,75,6.2,0.1,1.4,0,0.5,100,37.98,35.35,16.36,54.08,23.4,43.11,13.12,30.86,55.32,59.15,58.68,6.24,16.95,51.42,15.78,6207,36,0,8.9,36.78,1.43,35.2,15.37,50,19.87,40.07,11.23,40.07,60,68.96,55.23,7.2,20.67,52.6,10.9,11-0238,7800,61,0,9.6,0.52,3.57,0.538,4.073,0.46,3.51,0.314,3.581,0.49,2.88,invert,9045,none
ISRM 18,Vaseline Petroleum Jelly,0,0,0,0,100,0,0,0,0,0,0,0,100,88.57,34.24,34.82,54.49,74.8,81.89,16.62,81.23,13.1,13.41,44.85,43.29,57.05,69.44,15.69,7174,33,0,39.2,72.92,245.08,43.07,24.67,53.33,71.03,79.83,16.17,80.2,12.46,12.54,35.87,42.93,53,76.32,14.5,11-0238,7326,18,0,41.9,2.02,2.17,2.422,1.149,2.29,1.21,2.145,0.662,1.67,0.71,PJ,none,none
ISRM 19,Vaseline Total Moisture,82.233,0,0.325,10,0.25,0,0,0.6,5.82,0.1,0.26,0.412,100,37.91,34.59,52.03,68.38,6.19,13.88,10.09,40.68,13.09,11.48,76.63,12.59,34.01,28.02,69.57,359,22,13.7,35.3,47.86,98.97,36.67,67.93,65.67,6.07,13.9,8.63,40.9,11.83,10.43,75.83,17.97,41.5,37.17,64.83,11-0238,1098,10,16.9,36,-0.49,-1.81,-0.459,-1.66,-0.38,-2.23,-0.787,-0.876,-0.75,-0.95,VICL,none,Carbopol/Veegum
ISRM 20,Vaseline intensive care lotion Allstate,64.964,0,0.8,16.8,0.25,0,0,7.111,8.775,0.6,0,0.7,100,38.82,47.72,59.66,63.63,9.77,20.48,10.17,43.3,12.58,11.89,62.65,15.47,32.73,44.92,47.06,1001,32,12.1,35.4,38.6,0.05,40.86,56.07,66.2,11.13,22.93,9.63,41.47,13.67,14,67.33,21.4,39.2,41,62,11-0238,1152,22,11.3,33.8,-0.27,-1.18,-0.199,-0.89,-0.13,-1.01,0.295,-0.965,0.47,-1.06,VICL,none,hydroxyethyl cellulose/Veegum/xanthan
ISRM 21,Fair & Lovely Multi-vitamin for clear fair skin,74.849,0,0.5,1,0,0,0,3.45,18.99,0.2,0,1.011,100,37.93,52.75,77.1,52.02,6.97,16.04,9.89,45.93,13.77,12.82,64.29,7.28,21.2,49.19,40.23,1471,39,14.3,35,41.96,16.25,56.67,79.67,47,5.83,10.33,8.57,38.73,9.33,10.83,65.07,3.93,11.65,56.83,41.27,11-0238,1600,14,12.7,38.6,0.59,-2.38,0.681,-1.814,0.56,-2.5,0.647,-1.48,0.79,-1.7,other,none,none
ISRM 22,15727-41 (batch#15608-186),33.89,16,3.62,3,0,18,18,1.2,2,2.7,0.69,0.9,100,40.53,36.18,22.25,58.06,6.86,15.96,11.12,38.25,35.07,39.94,68.91,8.65,17.36,39.15,63.21,2583,45,8,14.4,44.43,15.2,40,18.14,55.93,7.83,18.73,11.47,43.03,38.1,42.73,69.1,5.4,17.6,38.57,58.03,11-0238,4217,65,7.8,12,-0.21,2.12,-0.537,2.17,-0.46,2.02,-0.705,1.773,-0.64,1.68,silky,9041/9045,Aristoflex
ISRM 23,15727-53 (batch#15608-188),42.49,16,3.62,3,0,13.7,13.7,1.2,2,2.7,0.69,0.9,100,41.04,37.21,23.05,56.72,6.39,15.07,11,38.14,31.07,35.56,70.17,8.65,17.06,38.02,66.37,2306,45,8.7,17.8,43.64,6.74,35.6,21.77,59.7,6.33,18.47,10.7,40.17,34,40.17,72.1,5.43,16.03,35.5,63.03,11-0238,3242,79,6.5,14.6,-0.45,1.77,-0.771,1.785,-0.73,1.73,-0.748,1.497,-0.69,1.46,silky,9041/9045,Aristoflex
ISRM 24,15727-54 (batch#15608-189),51.09,16,3.62,3,0,9.4,9.4,1.2,2,2.7,0.69,0.9,100,41.66,37.81,24.16,57.07,6.03,14.33,10.86,38.02,27.33,31.2,71.79,8.65,16.76,36.75,69.53,2046,45,9.4,21,43.6,3.76,35.33,25.47,61.9,6.5,16.9,10.97,38.23,22.57,27.13,73,5.1,16.53,37.83,64.36,11-0238,2589,37,8.8,24.6,-0.46,1.07,-0.717,0.979,-0.67,1.07,-0.809,1.207,-0.77,1.21,silky,9041,Aristoflex
ISRM 25,15727-48 (batch#15608-187),68.245,0,4,4,0,5,10,1.5,2,4,0.455,0.8,100,34.28,36.28,35.06,59.9,6.27,14.85,9.85,37.02,23.31,24.04,73.79,9.24,21.61,36.91,75.23,1376,39,11.1,25.7,38.87,21.03,25.43,27.61,55.93,2.9,9.57,10,16.5,18.67,17.33,81.83,4.9,19.9,24.93,77.83,11-0238,643,14,13.8,31,-1.93,0.04,-1.612,0.326,-2.07,0.45,-0.868,0.461,-0.85,0.51,silky,9041/9045,Carbopol
ISRM 26,15877-29 (batch#15608-185),45.43,16,3.62,10,0,5,13.7,1.2,1.3,2.7,0,1.05,100,41.04,40.57,22.33,60.15,6.39,15.07,11,36.9,26.88,32.4,71.16,12.24,17.85,37.82,65.48,2429,50,8.2,20.7,43.5,6.04,36.33,19.9,60.07,11.2,21.77,11.83,35.7,36.1,45.5,72,11.47,21.9,36.73,61.17,11-0238,1993,23,6.8,11.7,-0.81,1.78,-0.796,2.01,-0.76,1.9,-0.736,1.276,-0.68,1.27,invert,9041,none
ISRM 27,15824-65 (batch#15824-065),12.23,16,3.62,25,1.2,18,18,0,2,2.7,0.35,0.9,100,41.08,30.8,18.28,59.35,8.95,17.24,11.53,39.29,34.39,39.67,65.51,19.44,28.19,39.85,46.86,3021,56,4.2,14.8,41.57,0.24,37.32,24.1,57.57,17.5,29.23,11.77,30.2,33.6,41.96,65.57,17.5,26.33,41.66,48.63,11-0238,2469,25,7.1,14.5,-0.62,1.66,-0.39,1.788,-0.31,1.73,-0.44,1.95,-0.31,1.82,silky,9041,Aristoflex
ISRM 28,"15809-132, 2.5% Gransil from powder",59.915,5,12.7,7.5,0,3,2.5,2,2,4,0.485,0.9,100,36.8,33.58,30.33,61.91,6.18,14.61,10.43,38.21,20.57,22.26,73.65,11.07,19.27,35.76,71.43,1636,66,5.7,27.5,39.73,8.6,33.73,27.37,65.2,7.37,16.27,10.9,34.3,15.31,22.5,73.1,6.87,17.43,35.23,65.63,11-0238,2379,32,7.1,29.5,-0.63,0.49,-0.81,0.564,-0.78,0.68,-0.854,0.537,-0.83,0.59,silky,other,Carbopol
ISRM 29,"15809-143, SSW",37.1,5.025,3.62,7.5,0,13.7,25.725,2,1.5,2.7,0.23,0.9,100,33.37,35.97,22.25,58.56,8.43,18.98,10.43,36.92,36.15,40.79,67.52,11.07,20.98,41.38,59.96,2492,41,8,13.9,36.3,8.56,35.17,25,50.9,12.6,24.17,11.77,30.7,29.73,34.77,69.6,13.17,24.07,37.83,58.79,11-0238,1830,18,7.8,18.6,-0.61,1.27,-0.631,1.467,-0.57,1.48,-0.607,1.884,-0.52,1.77,invert,9041/9045,Carbopol
ISRM 30,53 with Silstar ,45.36,13.7,3.62,3,1.2,13.7,16,0,2,0,0.52,0.9,100,39.5,34.59,8.81,58.43,8.72,16.8,11.22,38.17,32.04,36.7,68.06,9.86,17.41,33.39,61.86,2661,55,9,16.9,41.33,3.35,32.57,20.79,58.83,8.43,17.83,11.4,31.77,31.33,36.17,73.7,9.43,20.2,33.73,64.73,11-0238,1708,28,7.6,17.4,-0.91,1.4,-0.977,1.583,-1,1.57,-0.806,2.183,-0.77,2,silky,9041,Aristoflex
ISRM 31,29 modified everday therapeutic invert - (higher elastomer/agarose) - Dow Corning,57.1,0,0,0,0,0,40,0.8,0.75,0,0.6,0.75,100,31.36,36.28,20.23,54.61,10.33,21.85,11.16,33.59,39.66,40.15,70.52,6.24,22.82,33.05,59.53,2616,30,10,12.6,36.33,24.67,32.39,21.39,58.23,9.6,19.87,11.2,24.33,41.8,46.18,70.23,10.5,25,36.63,68.24,11-0238,1116,18,10.7,9,-1.13,1.63,-1.101,2.064,-1.18,1.94,-0.776,2.103,-0.73,1.94,silky,homemade,Aristoflex
ISRM 32,Place holder other 53 modified everyday therapeutic -Dow Corning,57.1,0,0,0,0,0,40,0.8,0.75,0,0.6,0.75,100,31.36,36.28,20.23,54.61,10.33,21.85,11.16,33.59,39.66,40.15,70.52,6.24,22.82,33.05,59.53,2616,30,10,12.6,34.43,9.41,31.4,18.47,58.3,8.67,16.83,10.17,27.2,38.83,39.4,75.17,6.77,17.37,31.73,66.73,11-0238,1172,16,10.2,13.4,-1.18,1.67,-1.186,1.968,-1.31,1.87,-0.776,2.103,-0.73,1.94,silky,homemade,Aristoflex
ISRM 33,Silky +3% PPAR,46.95,10,0,7,0,10,19,0,4,2,0.3,0.75,100,36.2,34.19,25.17,57.5,5.99,13.21,10.24,39.66,31.5,36.24,69.99,10.82,24.12,34.7,64.03,1867,30,9.8,17.3,36.7,0.25,36.57,27.86,57,9.73,17.97,9.97,32.13,24.67,28.9,70.27,13.83,26.83,35.37,61.33,11-0238,911,29,7.4,23.1,-0.81,0.74,-0.702,0.966,-0.65,1.05,-0.764,1.459,-0.72,1.43,Montanov,9041,xanthan
ISRM 34,Place holder other 29 modified therapeutic - Dow Corning,43.094,0,3.62,3,1.2,13.7,31.986,0,2,0,0.5,0.9,100,32.51,32.83,16.93,57.01,11.08,21.05,10.96,37.39,38.02,39.68,66.69,9.86,22.86,36.39,57.18,3025,54,8.6,13.3,35.97,12,33.23,23.97,57,13.53,25.13,11.23,29.6,34.63,41.9,72.33,14.67,29.9,35.97,64.31,11-0238,1870,22,12.8,13.7,-0.84,1.45,-0.896,1.726,-0.89,1.68,-0.644,2.194,-0.56,2,silky,9041/9045,Aristoflex
ISRM 35,53 Modified Water based therapeutic - Dow Corning,36.95,3.25,0,7,1.2,13.7,32,0,2,2.7,0.3,0.9,100,32.9,39.07,18.95,56.71,11.08,21.05,10.95,37.67,39.48,43.66,64.12,12.03,26.38,42.06,50.49,2965,47,9,11.5,33.37,0.22,36.87,28.93,53.57,12.93,22.5,10.63,31.27,30,30.47,66.3,16.37,30.07,40.87,58.25,11-0238,2986,33,9.6,20.5,-0.42,1.09,-0.495,1.181,-0.42,1.24,-0.362,2.264,-0.22,2.05,silky,9041/9045,Carbopol
ISRM 36,Place holder other 53 modified everyday therapeutic -silstar,38.094,0,3.62,7,1.2,13.7,31.986,0,2,1,0.5,0.9,100,32.51,36.5,25.2,57.96,11.08,21.05,10.96,37.62,38.02,39.68,66.18,12.03,26.02,40.59,54.65,3038,54,7.8,13.6,33.57,1.13,35.73,26.97,55.3,12.67,22.23,10.3,30.17,28.97,31.33,67.4,18.27,28.67,38.9,57.33,11-0238,1681,14,8.2,20.4,-0.76,1.04,-0.575,1.225,-0.5,1.28,-0.463,1.839,-0.34,1.73,silky,9041/9045,Aristoflex
ISRM 37,HUT 48 with 15% glycerin,56.965,0,4,15,0,5,10,1.5,2,4.04,0.585,0.91,100,34.28,32.95,35.08,60.34,6.27,14.85,9.85,37.67,23.99,24.47,71.92,14.39,28.32,37.42,69.48,1608,42,9.6,25.2,38.2,15.33,40.87,39.87,63.37,6.37,14.63,9.53,36.77,15.56,20.33,65.93,21.83,38.57,41.83,60.5,11-0238,2813,53,10.8,30.4,-0.38,-0.19,-0.364,-0.08,-0.28,0.01,-0.773,0.493,-0.73,0.54,silky,9045,Carbopol
ISRM 38,"same as 37, stabilized with fumed silica",58.734,0,4,15,0,5,10,1.5,0.4,4.04,0.416,0.91,100,34.28,32.52,33,61.9,6.27,14.85,9.85,33.94,23.65,24.33,73.76,14.39,28.13,36.21,70.98,1580,42,9.9,25.4,39.27,24.85,33.97,38.57,61.1,6.23,13.4,8.47,28,17.8,20.9,74.2,13.27,28.1,34.9,66.73,11-0238,1906,34,11.3,29.1,-0.79,-0.22,-0.889,0.011,-0.88,0.11,-0.918,0.521,-0.92,0.57,particle,9045,Carbopol
ISRM 39,"same as 38, with 0.2% Tween 40 added at end",58.508,0,4,15,0,5,10,1.5,0.6,4.04,0.442,0.91,100,34.28,32.54,33.24,61.7,6.27,14.85,9.85,34.74,23.71,24.35,73.51,14.39,28.18,36.35,71.18,1583,42,9.8,25.4,39.62,28.47,35,30.41,60.23,6.7,14.53,8.97,33.17,17.6,22.57,73.73,14.6,26.5,35.17,66.17,11-0238,2106,29,9.7,28.5,-0.55,0.28,-0.821,0.418,-0.79,0.54,-0.901,0.518,-0.9,0.57,particle,9045,Carbopol
ISRM 40,TM15826164-2 silky with no silicone or particle YourEncore cream with dermol99 ,86.25,0,0,0,0,0,0,10,0.3,0,2.7,0.75,100,40.09,35.81,42.71,65.69,10.1,20.86,10.03,20.85,17.51,13.88,73.53,6.24,28.61,35.01,72.03,1003,30,17.2,32.3,42.41,5.4,33.73,43.4,66.5,5.13,14,9.43,34.37,16.37,15.63,73.8,4,13.23,34.73,69.87,11-0238,1828,18,16,32,-0.77,-0.22,-0.821,-0.291,-0.79,-0.23,-0.966,-0.327,-0.98,-0.32,other,none,other
ISRM 41,"Like 96. EC-15984-122, w increased viscosity (more Aristoflex) ",58.65,0,0,0,0,0,39.2,0,0.7,0,0.7,0.75,100,31.42,32.41,20.22,54.55,9.45,19.23,11.14,33.39,39.43,39.84,73.35,6.24,22.94,29.31,64.36,2517,30,10.2,13.3,32,0.34,35.73,20.6,52.73,8.9,19.83,10.4,34.73,37.3,42.07,68.77,9.5,21.93,38.67,59.5,11-0238,2577,31,6.4,12.6,-0.54,1.92,-0.666,2.056,-0.61,1.94,-1.005,2.037,-1.04,1.89,silky,Gransil,Aristoflex
ISRM 42,"like DP16048-97, w/PFP surfactant and Polymer levels & isohexadecane ",57.1,0,0,0,0,0,40,0.8,0.75,0,0.6,0.75,100,31.36,36.28,20.23,54.61,10.33,21.85,11.16,33.59,39.66,40.15,70.52,6.24,22.82,33.05,59.53,2616,30,10,12.6,31.2,0.03,35.23,25.23,51.87,12.17,23.27,10.73,30.7,35.4,34.07,69,12.67,26.97,38,60.9,11-0238,2477,18,13.8,16.9,-0.58,1.45,-0.678,1.593,-0.62,1.58,-0.776,2.103,-0.73,1.94,silky,9041/9045,Aristoflex
ISRM 43,system k,0,47.5,0,0,0,0,50,0,0,2.5,0,0,100,84.48,37.55,16.98,51.86,12.02,23.4,20.31,29.31,38.08,45.29,69.4,6.24,14.59,42.31,26.73,4788,407,0,11.5,85.04,0.32,37.1,16.53,47.23,17.5,38,19.97,22.83,31.4,37.5,71.17,2.9,10.43,42.23,19.43,11-0238,3807,409,0,17.2,0.15,1.91,-0.033,2.029,0.02,1.92,-0.199,2.215,-0.04,2.02,other,9040,none
ISRM 44,53 w/o elastomer and shear gel,69.58,16,3.62,3,0,0,0,1.2,2,2.7,1,0.9,100,45.09,35.74,44.76,64,5.64,13.43,10.93,38.04,19.63,19.87,79.27,8.65,24.96,31.46,76.16,1556,45,11,29,40.57,20.46,36.23,37.37,63.63,5.53,14.63,8.6,37.17,13,14.33,73.67,6.6,16.83,36.07,65.5,11-0238,2352,53,13.1,33.8,-0.41,0.07,-0.658,-0.118,-0.6,-0.03,-0.992,-0.256,-1.02,-0.24,silky,none,Aristoflex
ISRM 45,111 with high elastomer and low water,37.1,0,0,0,0,0,60,0.8,0.75,0,0.6,0.75,100,30.14,35.96,19.14,52.21,15.51,30.12,11.51,33.75,49.42,48.97,67.4,6.24,24.38,36.52,46,4045,30,6.1,5.4,35,23.59,43.33,27.93,45.07,21.23,42,11,43.93,29.27,32.67,48.9,18.03,32.27,55.33,17.83,11-0238,6735,88,4.8,22.6,0.95,1.8,1.037,1.807,0.82,1.75,-0.464,2.799,-0.34,2.42,silky,9041/9045,Aristoflex
ISRM 46,PJ invert Dove lip balm darwin2,5,0,0,15,61.588,0,0,12.412,5,0,1,0,100,72.85,48.82,42.05,56.1,61.05,74.89,15.31,71.45,11.97,10.54,32.19,39.9,60.44,78.54,5.04,6391,88,0,43.5,87.93,227.43,43.83,26.03,54.8,59.65,72.59,14.17,77.3,11.1,12.57,38.33,37.07,46.43,69.67,15.57,11-0238,5816,120,0,40.3,1.83,1.71,2.176,0.894,1.94,0.99,2.637,0.333,1.81,0.38,PJ,none,VP/hexadecene
ISRM 47,PJ invert (as above) with some SFSO,5,0,0,15,41.588,0,0,32.412,5,0,1,0,100,113.1,53.34,42.37,55.25,56.54,72.06,17.36,61.34,10.33,8.97,30.12,33.24,38.38,84.1,17.2,8008,165,3.4,46.4,112.8,0.09,45.2,22.2,59.5,57.77,69.83,19.54,53.4,12.5,14.96,49,28.77,38.17,64.33,20.36,11-0238,9000,304,0,37.5,1.17,1.58,1.437,0.807,1.15,0.91,2.403,-0.106,1.75,-0.08,PJ,none,VP/hexadecene
ISRM 48,PJ invert (as above) with some D5,5,15,0,15,46.588,0,0,12.412,5,0,1,0,100,71.65,51.03,32.15,55.42,52.16,66.39,16.46,63.82,13.53,15.31,34.9,34.97,51.07,72.74,5.77,7584,128,0,39.4,75.36,13.8,44,27.93,51.2,61.14,71,15,74.67,12,13.87,37.73,39.83,48.1,73.33,15.23,11-0238,6111,113,1.3,40.6,1.76,1.74,2.226,0.933,2.01,1.03,2.286,0.818,1.72,0.85,PJ,none,VP/hexadecene
ISRM 49,PJ/D5 with fatty alcohol/acid blend,0,17.7,0,0,65.1,0,0,0,17.2,0,0,0,100,79.33,50.61,51.1,38.97,56.55,64.96,15.89,78.3,11.9,15.79,36.95,32.86,38.76,74.73,-8.04,8154,88,0,40.4,94.14,219.41,45.9,26.14,42.77,56.43,68.17,17.86,73.17,14.93,15.68,41.83,34.39,42.57,68.67,16.4,11-0238,8127,309,0,37.6,1.82,1.71,2.06,1.036,1.8,1.12,2.89,0.233,1.84,0.28,PJ,none,none
ISRM 50,high elastomer and emollient and low water,3.69,0,0,0,0,0,73.17,22.5,0.64,0,0,0,100,49.85,43.98,18.46,54.17,29.49,50.9,13.02,33.94,45.31,47.2,50.84,6.24,15.55,52.97,21.96,5193,18,1.5,12.2,68.11,333.49,42.57,19.47,62.77,30.83,51.43,13.92,33.63,35.96,39.37,58.73,7.57,18.07,50.5,24.73,11-0238,3216,16,2,16.5,-0.18,2.27,0.414,2.224,0.37,2.06,0.622,2.916,0.77,2.49,silky,9041/9045,none
ISRM 57,Pond's Age Miracle Day Cream with SPF,46.25,0.5,0.5,10.37,0,0,26.5,8.5,3.28,3.1,0.27,0.73,100,33.89,45.18,29.62,60.28,11.84,24.62,11.02,38.65,32.89,35.48,59.92,12.41,25.9,49.62,47.36,2204,30,9,18.8,42.25,69.81,54.46,37.42,61.29,15.67,32.79,11.08,52.71,17.67,15.83,54.88,15.08,27.42,56.08,36.54,12-0094,3129,38,5.8,33.5,0.7,0.41,0.883,0.405,0.71,0.53,0.041,1.48,0.22,1.44,invert,9045,other
ISRM 58,Fenomino TM SA ,67.23,0,0.51,3.1,0,0,0,24.8,3.25,0,0.3,0.81,100,64.3,42.33,46.67,65.18,15.94,28.05,11.63,39.67,15.15,13.04,62.99,8.71,21.7,49.39,68.48,1523,52,16,34.4,50.96,178.04,42.33,33.13,64.21,13.88,28.12,10.96,38.88,24.58,19.17,70.62,9.58,20.75,40.83,63.12,12-0094,966,19,15.8,27.6,-0.39,0.54,-0.429,0.501,-0.35,0.62,-0.153,-0.515,0.01,-0.53,VICL,none,carboxymethylcellulose
ISRM 59,Fenomino TM SEA,85.549,0.75,2,1.475,0,0,0,4,4.843,0,0.48,0.903,100,38.02,33.37,42.96,65.44,7.26,16.55,9.93,39.76,17.22,16.25,75.78,7.64,24.04,32.52,74.28,1201,38,15.1,31.4,40.54,6.36,33.38,54.75,65.54,4.92,13.04,8.25,32.42,22.17,17.12,78.62,9.58,31.46,33.04,70.04,12-0094,888,37,14,29.3,-1.07,-0.87,-0.923,-0.658,-0.93,-0.7,-0.858,-0.221,-0.84,-0.2,VICL,none,Carbopol/Veegum
ISRM 60,Fenomino 2 HUT NA,43.069,0,3.62,3,1.2,13.7,31.986,0,2,0.05,0.625,0.75,100,32.51,34.61,20.12,56.99,11.08,21.05,10.96,37.39,37.66,39.32,66.69,9.86,23.11,36.94,57.1,2801,49,8.2,13.6,34.08,2.48,33.67,20.29,57.04,11.75,21.54,9.38,37.33,40.38,40,76.29,11.21,24.29,33.54,66.29,12-0094,2708,36,10.3,12.5,-0.63,1.86,-0.965,2,-0.99,1.89,-0.598,2.04,-0.51,1.89,silky,homemade,Aristoflex
ISRM 61,Fenomino 2 SA,78.696,0,0,3.1,0.5,3,7.4,0,5.051,0.85,0.5,0.903,100,34.94,38.58,34.33,60.95,6.54,13.44,10.06,39.5,21.94,22.1,71.89,9.31,24.95,34.76,68.36,1369,41,15,27,36.83,3.58,35.92,33.12,59.96,4.21,12.46,7.62,37.17,30.46,29.29,73.67,9.04,26.21,34.96,62.88,12-0094,2398,25,19.7,20.7,-0.52,0.74,-0.769,0.885,-0.73,0.98,-0.702,0.443,-0.64,0.49,VICL,homemade,Aristoflex
ISRM 62,Fenomino 2 SEA,80.081,0,0,3.1,0,1.35,4.125,4,5.041,0.85,0.55,0.903,100,35.61,40.35,39.35,63.47,7.35,16.79,9.61,39.59,19.69,19.14,69.24,8.71,24.69,39.82,67.49,1305,35,15.6,29.3,39.71,16.78,35.29,49.96,64.92,5.88,16.54,8.58,39.04,19,16.08,75.21,8.21,27.83,36.12,64.54,12-0094,1856,18,16.7,30.8,-0.48,-0.44,-0.605,-0.436,-0.54,-0.41,-0.507,0.131,-0.39,0.18,VICL,homemade,Carbopol/Veegum
ISRM 63,formula AK16006-176 HUT winner go to market formula,63.079,0,4,15,1,0,4.5,3,4.675,1.1,2.634,1.012,100,35.88,40.46,36.27,65.35,9.52,19.65,10.78,29.98,22.31,20.5,64.1,15.44,30.48,42.68,53.26,1789,56,10.3,27.9,44.21,69.46,46.25,38.21,54.5,11.17,23.38,9,46.42,18.67,17.83,60.17,20.67,35.62,48.12,37.54,12-0094,2489,58,9.2,30.9,0.51,0.21,0.464,0.296,0.4,0.42,-0.324,0.362,-0.18,0.41,Montanov,9041,other
ISRM 64,duplicate of AK16006-176 with home-made elastomer,63.079,0,4,15,1,0,4.5,3,4.675,1.1,2.634,1.012,100,35.88,40.46,36.27,65.35,9.52,19.65,10.78,29.98,22.31,20.5,64.1,15.44,30.48,42.68,53.26,1789,56,10.3,27.9,43.25,54.38,46.71,33.88,53.92,13.21,28.29,9.29,44.96,22.17,18.96,61.71,20.42,35.12,49.46,39.21,12-0094,2834,51,12.5,29.4,0.47,0.46,0.411,0.613,0.36,0.73,-0.324,0.362,-0.18,0.41,Montanov,homemade,other
ISRM 65,16202-177,28.6,0,0,3,1.2,20,40,0,2,4.05,0.4,0.75,100,31.92,38.25,27.04,56.19,12.7,23.78,11.11,37.63,43.62,45.61,63.06,9.86,27.55,43.67,47.72,3167,42,8.2,9.7,31.25,0.44,34.67,23.42,56.92,9.12,18,9.42,34.62,38.38,38.33,71.29,13.46,26.58,36.58,60.92,12-0094,2426,23,8.2,13.8,-0.65,1.52,-0.783,1.785,-0.75,1.73,-0.243,2.158,-0.09,1.98,silky,homemade,Aristoflex
ISRM 66,16080-14 ,43.069,0,3.62,3,1.2,13.7,31.986,0,2,0.05,0.625,0.75,100,32.51,34.61,20.12,56.99,11.08,21.05,10.96,37.39,37.66,39.32,66.69,9.86,23.11,36.94,57.1,2801,49,8.2,13.6,34.62,4.47,33.25,23.79,56.58,11.29,24.92,10.12,39.79,39.88,40.42,72.17,15.67,32.25,35.12,60.25,12-0094,3325,21,8.3,12.3,-0.4,1.74,-0.712,1.904,-0.66,1.82,-0.598,2.04,-0.51,1.89,silky,homemade,Aristoflex
ISRM 67,Dove Intensive Firming Gel Cream,74.31,2,2,12.17,2,0,0,1.25,4.61,0.1,0.32,1.24,100,38.9,39.4,41.16,67.06,10.11,19.44,10.66,40.9,18.38,17.87,70.86,15,31.65,37.56,62.19,1844,67,13.5,30.2,42.88,15.81,33.38,51.12,66.46,7.54,16.67,9.58,39.88,15.79,14.29,77.96,23.38,40.92,35.29,68.88,12-0094,1499,80,10.6,32.8,-0.53,-0.8,-0.735,-0.8,-0.69,-0.89,-0.456,-0.048,-0.33,-0.01,VICL,none,Carbopol
ISRM 68,Ponds Fine Pore Moisturizer ,46.097,3.5,0.75,3.5,0,0,39.4,0.65,0.648,4.3,0.73,0.425,100,31.85,37.25,22.91,58.08,10.09,21.35,11.17,33.88,39.93,42.92,71.18,8.95,22.62,36.98,57.2,2269,20,6.7,11.2,33.62,3.13,35.92,20.42,58.83,9.88,22.33,10.46,34.42,46.96,48.17,70.96,11.92,26.25,38.21,61.42,12-0094,2326,27,6,6.5,-0.78,2.04,-0.82,2.387,-0.79,2.18,-0.705,2.033,-0.64,1.88,silky,Gransil,Sepigel
ISRM 69,"Dove Tinderbox (Intensive Cream, Nourishing Care)",55.09,0,0,6.09,17,0,0,12,8.37,0.2,0.35,0.9,100,49.85,62.1,53.68,56.3,31.16,45.36,12.65,50.01,15.96,13.72,44.07,19.82,39.06,70.05,27.86,2564,107,11.9,38.4,36.38,181.56,68.92,60.17,56.42,30,47.33,10.71,49.42,13.75,12.96,43.25,27.67,43.71,75.29,24.21,12-0094,3700,119,16.3,41,1.65,-0.68,1.891,-0.56,1.6,-0.57,1.633,-0.245,1.45,-0.23,VICL,none,Carbopol/Veegum
ISRM 70,Ponds Double White Night Lotion ,81.95,0,1,8.05,0,0,0,3.3,2.2,0,2.8,0.7,100,37.91,25.69,45.19,73.46,6.89,15.9,9.89,23.16,17.36,13.73,77.81,11.33,35.18,28.2,76.8,857,29,14.5,32.8,39.42,2.27,20.96,48.33,77.79,4.58,10.42,11.25,12.83,13.71,13.17,84.46,19.12,43.21,18.58,83.29,12-0094,323,3,15,35.5,-2.69,-1.68,-1.904,-1.056,-2.71,-1.25,-1.333,-0.559,-1.5,-0.58,other,none,Sepigel/Veegum/xanthan
ISRM 71,"recreation of ""14""  ( ISRM 2012-66)   lab/pilot control",43.075,0,3.6,3,1.2,13.7,32,0,2,0.05,0.625,0.75,100,32.5,34.61,20.12,56.99,11.08,21.05,10.96,37.38,37.67,39.33,66.69,9.86,23.11,36.94,57.09,2801,49,8.2,13.6,29.31,10.2,35.85,21.35,59.12,11.52,19.76,11.73,36.73,38,40.12,60.92,8.35,20.96,38.56,50.85,13-0461,2883,62,6.2,13.2,-0.27,1.88,-0.395,2.092,-0.31,1.96,-0.598,2.041,-0.51,1.89,silky,homemade,Aristoflex
ISRM 72,"""63""  (""14"" with DL50/54)",43.069,0,3.62,3,1.2,13.7,31.986,0,2,0.05,0.625,0.75,100,32.51,34.61,20.12,56.99,11.08,21.05,10.96,37.39,37.66,39.32,66.69,9.86,23.11,36.94,57.1,2801,49,8.2,13.6,26.62,34.64,34.04,16.19,58.46,8.68,16.44,11.5,34.69,41.35,42.46,63.27,8.38,16.2,36.2,52.92,13-0461,2333,56,7.7,10.9,-0.44,2.19,-0.613,2.411,-0.55,2.2,-0.598,2.04,-0.51,1.89,silky,homemade,Aristoflex
ISRM 73,"""99"" type, cheap silky",43.1,0,3.62,3,1.2,13.7,31.986,0,2,0.05,0.594,0.75,100,32.51,34.68,20.12,57.02,11.08,21.05,10.96,37.39,37.61,39.3,66.69,9.86,23.05,36.94,57.13,2794,49,8.2,13.6,26.54,35.59,39.54,19.27,61.73,10.2,19.54,10.46,39.15,38.04,41.69,56.73,7.77,19.96,44.55,38.96,13-0461,4688,39,8.1,13.3,-0.18,2.16,-0.015,2.318,0.03,2.13,-0.598,2.038,-0.5,1.89,silky,homemade,Carbopol/Pemulen
ISRM 74,"""63"" prod/prod",43.069,0,3.62,3,1.2,13.7,31.986,0,2,0.05,0.625,0.75,100,32.51,34.61,20.12,56.99,11.08,21.05,10.96,37.39,37.66,39.32,66.69,9.86,23.11,36.94,57.1,2801,49,8.2,13.6,26.15,40.39,35.19,18.92,59,10.88,18.96,11.42,38.5,41.5,42.92,65.77,7.54,19.88,35.42,55.08,13-0461,2546,48,5.9,10.6,-0.4,2.1,-0.6,2.336,-0.53,2.15,-0.598,2.04,-0.51,1.89,silky,homemade,Aristoflex
ISRM 75,"mid-range silky (1/2 ""99"")",68.222,0,1.81,3,0.6,6.85,15.993,0,2,0.05,0.725,0.75,100,33.74,33.56,22.72,60.29,7.5,15.23,10.38,36.73,27.48,28.46,72.66,9.35,22.37,31.52,70.95,1525,39,12.3,22.3,28.46,27.88,36.23,24.15,63.19,8.58,15.62,9.42,37.73,34,33.73,61.19,7.58,23.27,39.96,54.5,13-0461,3158,39,9.3,17.6,-0.56,1.52,-0.418,1.649,-0.34,1.62,-0.977,1.224,-1,1.22,silky,homemade,Carbopol/Pemulen
ISRM 76,silky with moisturization @10% glycerin,47.2,3,4,10,1.5,0,30,0,2,0.75,0.7,0.85,100,33.14,38.85,18.33,61.62,11.26,21.1,11.66,37.37,36.97,39.7,66.79,13.68,25.58,38.81,52.18,3120,55,6.8,13.8,29.35,14.4,35.15,18.12,57.88,9.12,20.62,11.73,38.12,36.12,40.38,62.31,8.88,20.73,37.44,48.58,13-0461,3184,51,7.2,13.7,-0.25,2.05,-0.384,2.205,-0.3,2.05,-0.49,2.062,-0.37,1.91,silky,homemade,Aristoflex
ISRM 77,silky with moisturization @18% glycerin,41.97,4,6,18,1.5,0,22,1,2,2,0.68,0.85,100,34.1,41.01,20.54,60.81,10.85,21.54,11.61,38.05,32.75,35.69,63.79,17.04,28.17,42.57,46.97,2791,60,5.5,17.4,28.42,32.23,35.15,20.31,57.35,8.27,17.11,11.31,38.58,31,35,61.15,9.35,19.54,39.65,49.81,13-0461,3087,73,7.1,18.1,-0.27,1.75,-0.319,1.832,-0.24,1.76,-0.234,1.778,-0.08,1.69,silky,homemade,Aristoflex
ISRM 78,prototype at 25% glycerin and PPAR,17.488,0,0,25,1.2,13,35,1.6,3.25,2,0.4,1.062,100,32.29,37.22,27.98,54.61,12.9,25.58,11.01,39.64,39.73,41.29,57.29,19.44,38.21,49.33,31.44,3535,52,5.8,14.2,30.54,3.07,40.62,23.46,58.15,14.04,29.15,12.88,58.12,37.65,40.65,47.27,10.65,25,52.54,25.42,13-0461,1998,72,7.1,16.1,0.56,2.43,0.85,2.387,0.68,2.18,0.251,1.982,0.43,1.85,Montanov,9041,xanthan
ISRM 79,"""63"" type at 0.60 H/V",43.075,0,3.6,3,1.2,13.7,32,0,2,0.05,0.625,0.75,100,32.5,34.61,20.12,56.99,11.08,21.05,10.96,37.38,37.67,39.33,66.69,9.86,23.11,36.94,57.09,2801,49,8.2,13.6,28.88,13.14,37.73,18.92,58.81,10.38,20.46,11.77,39.96,37.96,39.19,62.77,6.85,18.81,39.27,51.42,13-0461,2933,69,6.2,13.7,-0.21,2.07,-0.361,2.191,-0.28,2.04,-0.598,2.041,-0.51,1.89,silky,homemade,Aristoflex
ISRM 80,"""63"" type at 0.74 H/V",43.075,0,3.6,3,1.2,13.7,32,0,2,0.05,0.625,0.75,100,32.5,34.61,20.12,56.99,11.08,21.05,10.96,37.38,37.67,39.33,66.69,9.86,23.11,36.94,57.09,2801,49,8.2,13.6,22.27,104.75,34.88,16.64,58.69,7.35,14.92,13.08,39.72,43.5,44.12,63.92,5.8,16.46,37.5,51.04,13-0461,2848,82,6.6,9.4,-0.28,2.36,-0.51,2.566,-0.43,2.32,-0.598,2.041,-0.51,1.89,silky,homemade,Aristoflex
ISRM 81,"""63"" type at spec",43.075,0,3.6,3,1.2,13.7,32,0,2,0.05,0.625,0.75,100,32.5,34.61,20.12,56.99,11.08,21.05,10.96,37.38,37.67,39.33,66.69,9.86,23.11,36.94,57.09,2801,49,8.2,13.6,29.38,9.76,37.08,17.73,57.69,8.46,18.92,12.19,37.04,44.62,44.38,63.38,8.73,21,38.5,49.73,13-0461,3239,68,5.5,9.1,-0.23,2.33,-0.462,2.502,-0.38,2.27,-0.598,2.041,-0.51,1.89,silky,homemade,Aristoflex
ISRM 82,"""63"" type at  8 ppm Pt",43.075,0,3.6,3,1.2,13.7,32,0,2,0.05,0.625,0.75,100,32.5,34.61,20.12,56.99,11.08,21.05,10.96,37.38,37.67,39.33,66.69,9.86,23.11,36.94,57.09,2801,49,8.2,13.6,28.12,19.22,35.31,16.58,58.12,8.38,15.46,12.42,35.65,46.19,46.31,65.5,6.58,18,36.44,52.08,13-0461,3117,61,7,7.5,-0.33,2.45,-0.637,2.614,-0.57,2.35,-0.598,2.041,-0.51,1.89,silky,homemade,Aristoflex
ISRM 83,"""63"" type at 23% starting solids",43.075,0,3.6,3,1.2,13.7,32,0,2,0.05,0.625,0.75,100,32.5,34.61,20.12,56.99,11.08,21.05,10.96,37.38,37.67,39.33,66.69,9.86,23.11,36.94,57.09,2801,49,8.2,13.6,31.23,1.62,35.46,18.46,57.69,9.04,18.42,12.12,37.2,40.62,42.31,66.42,8.42,23.5,36.19,51.5,13-0461,3173,64,8.7,11.2,-0.38,2.09,-0.557,2.287,-0.48,2.11,-0.598,2.041,-0.51,1.89,silky,homemade,Aristoflex
ISRM 84,"""63"" type at 43% starting solids",43.075,0,3.6,3,1.2,13.7,32,0,2,0.05,0.625,0.75,100,32.5,34.61,20.12,56.99,11.08,21.05,10.96,37.38,37.67,39.33,66.69,9.86,23.11,36.94,57.09,2801,49,8.2,13.6,29.88,6.89,35.5,15.84,58.12,8.62,16.46,12.77,38.62,39.62,43.5,64.73,5.32,17.04,38.19,50.92,13-0461,3216,63,6.5,11.1,-0.3,2.29,-0.498,2.446,-0.42,2.23,-0.598,2.041,-0.51,1.89,silky,homemade,Aristoflex
ISRM 85,Veronica Caucasian Medium  (BB cream optics),91.57,0,0,1,0.01,0,0,1,1.61,2.61,1,1.2,100,37.81,33.32,53.8,65.08,5.57,13.24,9.89,35.99,17.74,14.57,82.06,7.3,31.12,31.23,82.97,1600,45,17.8,32.1,43.27,29.84,36.88,58.15,61.96,3.11,9.96,7.38,32.35,19.62,15.73,64.31,5.92,25.19,40.88,61.73,13-0461,2807,128,8.9,30.9,0.11,-0.69,-0.396,-0.782,-0.32,-0.86,-1.126,-0.82,-1.2,-0.88,other,none,other
ISRM 86,FAL Winter Fairness (CB3),82.067,0,0.5,1.35,0,0,0,8.15,6.14,0.2,0.4,1.193,100,39.12,41.66,56.38,63.36,9.27,19.7,9.98,40.83,16.74,14.17,70.16,7.55,26.8,42.29,66.17,1728,45,16.9,32.7,34.96,17.27,47.12,46.31,59.31,9.68,22.23,9.58,46.42,21.19,17.96,58.12,6.77,22.12,49.35,41.85,13-0461,2732,97,16.3,30.2,0.56,0.26,0.47,0.166,0.41,0.28,-0.298,-0.748,-0.15,-0.8,other,none,Carbopol
ISRM 87,FAL Advanced Multivitamin (T72 ),74.781,0,0.5,1.2,0,0,0,3.65,18.099,0.9,0,0.87,100,37.95,53.69,78.26,52.65,7.07,16.23,9.89,45.71,13.27,12.43,64.58,7.43,21.65,49.61,41.88,1238,34,13.9,35.4,35.23,7.4,52.62,80.76,54.88,5.88,11.48,5.62,44,13.23,12.19,59.88,8.85,19.04,44.92,39.11,13-0461,595,15,10.8,35,0.51,-2.35,0.622,-1.702,0.52,-2.3,0.634,-1.569,0.78,-1.81,other ,none,none
ISRM 88,"serum, water based, Ponds Gold Radiance",77.43,0,0,18.35,0,0,0,1.1,0.18,0.04,2.6,0.3,100,37.8,21.39,45.44,72.91,5.57,13.28,9.87,22.69,14.98,11.91,80.9,15.73,43.76,21.01,75.8,182,15,12.8,35.2,40.81,9.03,19.54,49,82.18,6.5,15.58,11.96,20.42,16.54,16.81,77.12,15.85,38.62,20.04,81.56,13-0461,838,12,17.4,32.7,-2.18,-1.11,-1.654,-0.791,-2.16,-0.88,-1.512,-0.735,-1.77,-0.78,other,none,Carbopol/Aristoflex
ISRM 89,"PFP with MSP-825, horizontal control",46.097,3.5,0.75,3.5,0,0,39.4,0.65,0.648,4.3,0.73,0.425,100,31.85,37.25,22.91,58.08,10.09,21.35,11.17,33.88,39.93,42.92,71.18,8.95,22.62,36.98,57.2,2269,20,6.7,11.2,26.77,25.82,36.04,16.48,58.38,10.81,24.12,12.69,33.23,52.23,56.88,74.27,12.46,31.03,34.35,61.77,13-0461,1616,20,6.2,1.2,-1.07,2.46,-0.993,2.934,-1.03,2.59,-0.705,2.033,-0.64,1.88,silky,Gransil,Sepigel
ISRM 90,DIFG control ,68.209,1,2,18.26,1,0,0,2,6.05,0.1,0.32,1.061,100,38.34,38.26,44.83,65.41,8.84,18.28,10.4,41.92,17.5,16.78,68.77,16.75,34.19,37.52,56.27,1551,54,12.1,31,41.85,12.36,37.27,44.77,68.23,10.27,17.92,11.54,41.23,20.2,17.24,66.65,17.15,34.31,35.12,56.69,13-0461,1302,71,12.8,29.9,-0.36,0.07,-0.358,-0.163,-0.28,-0.08,-0.3,-0.21,-0.15,-0.19,VICL,none,Carbopol
ISRM 91,PDWN control,81.95,0,1,8.05,0,0,0,3.3,2.2,0,2.8,0.7,100,37.91,25.69,45.19,73.46,6.89,15.9,9.89,23.16,17.36,13.73,77.81,11.33,35.18,28.2,76.8,857,29,14.5,32.8,41.96,16.37,20.46,42.96,80.03,6.19,11.81,13.42,13.38,17.38,14.96,83.84,13.69,40.73,17.73,83.31,13-0461,307,2,12.1,33.6,-2.82,-1.17,-1.947,-0.653,-2.81,-0.69,-1.333,-0.559,-1.5,-0.58,other,none,Sepigel/Veegum/xanthan
ISRM 92,Dove Tinderbox control,55.09,0,0,6.09,17,0,0,12,8.37,0.2,0.35,0.9,100,49.85,62.1,53.68,56.3,31.16,45.36,12.65,50.01,15.96,13.72,44.07,19.82,39.06,70.05,27.86,2564,107,11.9,38.4,29.65,408.22,71.96,60.4,55.19,38.15,53.73,10.96,48.85,14.15,12.62,39.12,30,44.96,78.88,17.76,13-0461,3300,107,15.8,42.2,1.94,-0.43,2.192,-0.434,1.96,-0.41,1.633,-0.245,1.45,-0.23,VICL,none,Carbopol/Veegum
,1% PPAR Milk,70.82,6.65,0,6.65,5.23,0,0,6.65,3,0,0,1,100,42.51,50.47,32.12,66.14,17.37,29.69,11.51,40.86,16.11,17.8,59.85,14.45,29.45,46.77,51.45,1818,75,14.3,31.7,36.75,33.18,40.12,40.42,69.96,10.04,18.92,13.21,27.33,18.33,17.04,64.21,9.42,21.92,40.25,47.83,14-0413,,,,30.7,-0.43,0.11,-0.286,0.051,-0.21,0.16,0.16,0.42,0.34,0.47,other,none,none
,1% PPAR Milk w/ Elastomer,69.32,6.65,0,6.65,5.23,0,1.5,6.65,3,0,0,1,100,41.02,51.92,18.04,65.5,17.38,29.74,11.68,40.61,17.63,20.5,57.5,14.45,21.96,47.84,50.35,1918,75,14,30.2,34.42,43.53,45.21,35.42,71.54,11.33,19.75,13,26.08,20.96,19.52,59.54,7.3,18.91,41.96,46,14-0413,,,,28.8,-0.75,0.44,-0.172,0.428,-0.1,0.55,0.153,1.133,0.33,1.14,other ,diluted,none
,Body Silk Cream 10% Glycerin,67.29,5,1,10,0.4,0,0,6,5.06,0,2.5,2.75,100,39.42,35.62,37.61,65.54,9.65,20.23,10.42,32.99,24.62,22.33,66.08,12.75,32.15,43.34,53.7,4548,103,17.5,26.3,36.77,7.02,44.68,46.09,61.32,10.68,19.91,10.48,51.14,20.36,17.91,59.04,12.32,26.59,44,44.91,14-0413,,,,29.8,0.6,0.35,0.35,0.077,0.32,0.19,-0.361,0.435,-0.22,0.48,VICL,none,Carbopol/Simulgel
,Dove Tinderbox,55.09,0,0,6.09,17,0,0,12,8.37,0.2,0.35,0.9,100,49.85,62.1,53.68,56.3,31.16,45.36,12.65,50.01,15.96,13.72,44.07,19.82,39.06,70.05,27.86,2564,107,11.9,38.4,32.67,295.3,74.21,61.88,55.92,34.83,52.54,12.04,50.38,13.08,12.25,36.79,25.46,44.67,80.58,14.58,14-0413,,,,43.2,2,-0.53,2.348,-0.493,2.18,-0.48,1.633,-0.245,1.45,-0.23,VICL,none,Carbopol/Veegum
,Fair & Lovely,74.89,0,0.5,1.18,0,0,0,3.65,18.01,0.9,0,0.87,100,37.95,53.62,78.11,52.7,7.07,16.23,9.89,45.68,13.27,12.43,64.65,7.42,21.63,49.51,42.13,1237,34,13.9,35.4,33.42,20.52,54.38,81.56,61.46,5.92,11.39,4.96,45.5,14.29,12.25,65.21,6.54,14.58,46,46.17,14-0413,,,,34.7,0.63,-2.28,0.445,-1.771,0.39,-2.42,0.626,-1.565,0.77,-1.8,other,none,none
,Goodness3 Body Cream,65.68,0,3,15,0,0,0,6.45,8.01,0,0.35,1.51,100,38.5,34.24,53.82,64.16,8.48,18.52,10.01,42.85,17.51,14.8,67.18,14.39,34.71,40.89,56.28,2341,60,13.1,32,32.86,31.81,43.86,46.41,62.73,14.59,27.73,10.82,47.05,20.77,16.77,62.14,14.27,34.14,45.45,51.27,14-0413,,,,30.4,0.18,0.09,0.205,0.03,0.21,0.13,-0.191,-0.576,-0.03,-0.6,VICL,none,Aristoflex
,Goodness3 Body Lotion,62.66,0,3.5,15,1,0,5,3.5,4.97,0.1,2.63,1.64,100,35.8,38.69,32.26,65.24,9.82,20.2,10.81,30.24,24.47,22.34,62.97,15.44,30.56,43.44,51.58,2865,76,12.2,26.4,32.86,8.65,38.5,37.91,63.91,10.95,19.09,11.14,35.36,19.09,18.5,69.41,11.18,27.45,38.54,61.32,14-0413,,,,29.7,-0.33,0.21,-0.491,0.194,-0.41,0.31,-0.313,0.655,-0.17,0.7,Montanov,diluted,starch/citrus fiber
,Goodness3 Hand Cream,39.09,22.06,0.1,7,0,0,24.44,0.8,4.7,0.07,0.3,1.44,100,45.74,40.2,20.14,59.4,7.45,16.91,12.2,40.25,36.22,40.31,66.78,10.82,23.04,39.18,50,3924,66,8.3,13.8,33.59,147.53,39.32,22.04,64.77,11.27,19.68,14.59,36.09,44.41,43.77,70.77,10.81,21,35.54,51.36,14-0413,,,,9.3,-0.58,2.11,-0.645,2.181,-0.58,2.03,-0.412,1.933,-0.28,1.81,Montanov,diluted,xanthan
,Intensive Hand Cream (DIFG),74.31,2,2,12.17,2,0,0,1.25,4.61,0.1,0.32,1.24,100,38.9,39.4,41.16,67.06,10.11,19.44,10.66,40.9,18.38,17.87,70.86,15,31.65,37.56,62.19,1844,67,13.5,30.2,37.59,1.73,36.45,46.86,65.45,10.63,16.77,10.32,41.23,19.23,16.45,72.09,14.77,35.77,34.14,68.23,14-0413,,,,30.6,-0.21,0,-0.616,-0.331,-0.55,-0.28,-0.456,-0.048,-0.33,-0.01,VICL,none,Carbopol
,PDWNL,81.95,0,1,8.05,0,0,0,3.3,2.2,0,2.8,0.7,100,37.91,25.69,45.19,73.46,6.89,15.9,9.89,23.16,17.36,13.73,77.81,11.33,35.18,28.2,76.8,857,29,14.5,32.8,35.71,4.86,19.92,47.22,78.46,5.92,12.46,14.67,13.21,16.5,13.62,83.08,10.04,39.96,17.08,83.58,14-0413,,,,34.6,-2.82,-1.17,-1.903,-0.793,-2.71,-0.88,-1.333,-0.559,-1.5,-0.58,other,none,Sepigel/Veegum/xanthan
,Ponds Fine Pore,46.097,3.5,0.75,3.5,0,0,39.4,0.65,0.648,4.3,0.73,0.425,100,31.85,37.25,22.91,58.08,10.09,21.35,11.17,33.88,39.93,42.92,71.18,8.95,22.62,36.98,57.2,2269,20,6.7,11.2,29.29,6.56,33.83,15.12,56.25,11.08,24.12,12.79,32.79,56.88,60.33,76.46,9.29,28.75,33.21,62.39,14-0413,,,,1.6,-1.11,2.65,-1.105,3.209,-1.19,2.8,-0.705,2.033,-0.64,1.88,silky,Gransil,Sepigel
,Summer Revived Lotion,74.304,0.5,1,12,0,0,0,3.75,5.01,0,2,1.436,100,37.97,27.91,43.76,66.82,7.13,16.32,9.9,37.93,20.44,17.87,73.34,13.13,34.18,34.25,67.72,2123,54,15,29.5,34.59,11.45,31.77,42.27,64.41,8.45,14.73,10.86,35.45,18.14,16.36,75.59,13.82,33.09,32.41,71.33,14-0413,,,,31.1,-0.62,-0.13,-0.9,-0.207,-0.9,-0.14,-0.797,-0.138,-0.76,-0.11,VICL,none,Simulgel/starch
,Uplifted+ Body Lotion,67.86,0,4.02,15.075,1.005,0,1.116,3.015,4.698,1.106,1.14,0.965,100,37.06,40.89,40.13,65.06,9.45,19.44,10.59,40.61,18.33,16.23,66.59,15.48,29.24,41.11,56.67,1488,55,10.9,31.1,33.68,11.4,35.36,45.59,61.24,9.91,17.18,10.36,44.77,16.59,15.77,72.77,14.5,27.5,35.27,67.77,14-0413,,,,31.8,-0.05,-0.18,-0.533,-0.281,-0.46,-0.22,-0.232,0.017,-0.07,0.06,Montanov,diluted,starch/citrus fiber
,Uplifted Serum,79.7,0,2,15,0,0,0,0.1,1.43,0,0.3,1.47,100,37.8,20.6,44.14,71.06,4.78,11.05,9.87,36.59,17.26,14.67,84.76,14.39,35.78,23,86.17,2089,57,14.9,32.9,34.95,8.11,32.09,54.09,60.64,7.91,14.64,8.91,30.5,18.09,16.47,70.77,21.77,52.86,36.5,69.18,14-0413,,,,31,-0.47,-0.62,-0.727,-0.755,-0.68,-0.83,-1.551,-0.54,-1.83,-0.56,other,none,Carbopol
,Youthful Vitality Body Cream,73.93,0.75,2.25,7.37,0.5,0,0,4.85,5.95,0,2.9,1.5,100,38.38,35.5,41.36,69.46,9.33,19.66,10.29,24.18,21.33,18.56,67.55,11.61,31.3,40.03,56.25,2352,64,14.6,28.9,33.09,27.96,42.36,46.18,63.54,9.64,17.45,10.91,50.23,19.36,17.23,60.91,14.41,31.5,45.09,54.73,14-0413,,,,30.6,0.31,0.24,0.122,-0.06,0.14,0.03,-0.576,0.02,-0.48,0.06,Montanov,none,Aristoflex/Simulgel/xanthan
,Youthful Vitality Lotion,66.9,0,3,18.2,0,0,0,3.2,3.65,2.1,1.25,1.7,100,37.9,31.46,56.85,64.96,6.83,15.8,9.92,39.79,19.37,15.71,73.96,15.68,38.15,38.22,68.1,2586,66,13.2,30.9,28.27,92.82,34.32,40,64.41,8.04,16.09,10.77,36.95,17.04,17.59,73.59,14.82,32.82,35.27,70.59,14-0413,,,,30.9,-0.61,0.07,-0.771,-0.054,-0.73,0.04,-0.614,-0.778,-0.52,-0.83,Montanov,none,Aristoflex/Simulgel/xanthan
,Dove Body Silk,75.65,5.75,1,3.5,0,0,0,5.5,5.62,0.15,1.7,1.13,100,39.37,36.69,46.29,64.24,8.02,17.8,10.14,39.74,20.46,19.46,71.36,8.95,26.97,38.29,65.5,1753,44,14.8,28.8,33.55,33.86,50.5,37.25,60.5,4.55,15.7,8.45,49.5,19.45,16.8,56,7,24,51.25,44,16-0064,3071,52,18.7,31.6,0.42,0.56,0.484,0.414,0.42,0.54,-0.53,-0.135,-0.42,-0.11,VICL,none,Carbopol/Simulgel/xanthan
,red,45.86,5.8,1,5,27,0,0.5,5.1,7.04,0.2,1.8,0.7,100,51.77,57.87,31.34,53.34,35.79,48.77,13.48,52.53,20.31,20.29,45.81,23.3,29.71,67.53,29.55,3578,115,8.1,33.8,35,281.08,61,45.75,55.5,20.85,37,12.7,51.75,15.75,13.6,47.75,18.05,34.05,65.15,22.15,16-0064,6000,153,12.6,37.1,1.33,0.34,1.529,0.146,1.23,0.26,1.418,0.966,1.33,0.99,VICL,homemade,Carbopol/Simulgel/xanthan
,yellow,55.635,0,0,7,19,0,0,8,9.09,0.1,0.224,0.951,100,48.37,60.55,53.56,55.87,31.05,44.64,12.65,51.17,15.83,13.79,45.18,21.12,40.43,67.86,27.26,2432,111,11.5,37.8,32.85,240.8,63.42,36,55.5,24.6,45.5,13.2,58,18.1,13.35,41.5,17.95,39.1,68.15,22,16-0064,13000,125,8.4,37.3,1.5,1.03,1.785,0.735,1.49,0.85,1.595,-0.238,1.43,-0.22,VICL,none,Carbopol/Simulgel
,orange 2,71.479,1,1,10,1.9,0,6.5,0,5.96,1,0.458,0.703,100,35.82,41.49,30.07,63.49,9.14,16.69,11.04,41.03,21.74,23.47,68.85,13.97,24.5,37.16,61.53,1153,47,12,26.5,33.75,4.27,35.15,31.15,63.75,5.6,14,9.65,36.25,26.95,22,75,10.9,32.1,34.25,62.25,16-0064,1094,13,12.4,25.3,-0.86,0.59,-0.787,0.687,-0.75,0.8,-0.485,0.672,-0.37,0.72,VICL,homemade,Carbopol/Simulgel
,F&L type,75.34,0,0,3,0,0,0,1.1,18.86,1,0,0.7,100,37.8,50.22,79.72,54.07,5.57,13.28,9.87,45.87,12.58,11.89,66.88,8.65,26.82,45.12,42.87,922,28,13.4,35.4,27.95,97.11,41.5,64.25,66,8.3,15.65,9.55,41.5,13.5,10.85,47.5,9.45,31.8,51.25,34.25,16-0064,1716,50,17.2,36.2,0.33,-1.15,0.735,-0.927,0.6,-1.07,0.475,-1.709,0.64,-1.99,VICL,none,none
,VICL type,76.92,0,1,11,0.4,0,0,2,5.96,1,1.02,0.7,100,38.01,38.67,55.86,66.2,7.53,16.55,10.17,41.06,15.97,13.18,71.96,13.2,35.3,36.32,62.09,886,34,13.3,33.2,35.9,4.45,34.5,41,64.75,5.5,15.45,9.7,43.75,22.75,16.5,71.75,13.7,35.85,35.75,60.25,16-0064,2378,25,15.1,29.3,-0.4,0.15,-0.497,0.075,-0.42,0.18,-0.404,-0.833,-0.27,-0.9,VICL,none,Carbopol/Simulgel
,PDWN type,83.28,0,1,5,0,0,0,5.1,1.96,0,2.94,0.72,100,38.17,27.94,44.86,74.52,7.82,17.48,9.92,18.78,17.52,13.83,76.35,9.79,33.14,30.65,75.72,910,30,15.1,32.5,36.35,3.32,39,35.5,66.25,6.9,17.6,11.05,45.25,22.25,16.65,66.5,9.25,29.5,42.25,53.5,16-0064,4159,101,9.5,29.6,0.04,0.59,-0.168,0.406,-0.1,0.53,-1.297,-0.537,-1.45,-0.55,VICL,none,Carbopol/Simulgel/xanthan
,not silky,71.851,0,1,4,0,8,6,2,4.74,0.1,1.6,0.709,100,35.02,32.53,33.78,60.5,6.32,14.94,9.68,38.85,22.2,21.9,71.69,9.24,23.3,34.21,72.49,1076,30,13.9,27,33.4,2.61,48.5,33.65,56.75,6.45,14.95,8.85,50.5,21.9,16.35,58.75,5.75,24.75,46,40.75,16-0064,4953,89,9.9,30.2,0.44,0.84,0.411,0.659,0.36,0.78,-0.835,0.469,-0.81,0.52,VICL,homemade,Carbopol/Simulgel
,silky,63.73,0,3,4,2,0,20,1.1,4.8,0.1,0.57,0.7,100,33.97,45.28,27.66,60.52,11.47,22.21,11.49,39.83,28.79,29.62,63.49,11.04,23.99,41.71,52.41,2029,51,9.7,21.4,30.7,10.66,40.6,31.25,61.25,5.45,14.25,10.95,42.5,22.63,20.5,68.25,7,20.25,39.5,60.7,16-0064,2606,30,11.6,27.6,-0.21,0.77,-0.401,0.677,-0.32,0.79,-0.175,1.261,-0.01,1.26,VICL,homemade,Carbopol/Simulgel
,super silky,40.83,0,3,3,1,13,33,0,4.8,0.1,0.57,0.7,100,32.33,37.08,25.3,54.46,10.89,20.89,10.92,40.04,37.68,39.37,64.42,9.69,22.8,39.32,51.08,2743,44,7.9,13.7,27.95,19.2,40.5,21.95,49.65,9.25,23.75,10.55,47.35,36.25,38.16,55.75,5.85,19.5,57.75,51.14,16-0064,5720,83,6.2,19.3,0.71,2.26,0.233,2.157,0.23,2.01,-0.332,1.899,-0.19,1.78,VICL,homemade,Carbopol/Simulgel
gjm597,20% petrolatum over top,62.765,0,0,10,20,0,0,0.6,5.82,0,0.264,0.551,100,47.62,46.55,44.2,59.47,27.86,38.27,12.64,49.54,14.32,12.57,57.56,22.96,43.4,50.18,47.15,1144,100,10.5,35,34.45,173.35,43.9,56,60.25,14.05,24.25,13.7,44,15.85,13.25,63.75,22.9,43.1,45.9,49,16-0064,1904,11,18.6,33.7,0.09,-0.75,0.242,-0.681,0.24,-0.73,0.579,-0.154,0.73,-0.13,VICL,none,Carbopol/Veegum
,Dove Tinderbox,55.09,0,0,6.09,17,0,0,12,8.37,0.2,0.35,0.9,100,49.85,62.1,53.68,56.3,31.16,45.36,12.65,50.01,15.96,13.72,44.07,19.82,39.06,70.05,27.86,2564,107,11.9,38.4,31.6,333.22,68,62.89,56.75,28.25,50.75,14.85,48.5,16.1,12.53,39.75,24.4,45.75,75.5,20.5,16-0064,3603,107,,40.5,1.7,-0.29,2.019,-0.501,1.75,-0.49,1.633,-0.245,1.45,-0.23,VICL,none,Carbopol/Veegum
,F&L ,74.89,0,0.5,1.18,0,0,0,3.65,18.01,0.9,0,0.87,100,37.95,53.62,78.11,52.7,7.07,16.23,9.89,45.68,13.27,12.43,64.65,7.42,21.63,49.51,42.13,1237,34,13.9,35.4,32.75,27.04,54,79,61.5,6.6,13,6.7,45.1,14.15,12.15,63.75,5.95,16.4,44.25,46.75,16-0064,1500,30,16.6,34.7,0.5,-2.05,0.426,-1.646,0.38,-2.2,0.626,-1.565,0.77,-1.8,other,none,none
,DIFG,68.209,1,2,18.26,1,0,0,2,6.05,0.1,0.32,1.061,100,38.34,38.26,44.83,65.41,8.84,18.28,10.4,41.92,17.5,16.78,68.77,16.75,34.19,37.52,56.27,1551,54,12.1,31,37.8,0.29,35.5,44.5,65.25,7.85,18.15,12.25,42.5,20.9,17.25,67.75,15,31.25,33,58.5,16-0064,1502,102,14.5,29.6,-0.4,0.18,-0.417,-0.077,-0.34,0.02,-0.3,-0.21,-0.15,-0.19,VICL,none,Carbopol
,PDWN,81.95,0,1,8.05,0,0,0,3.3,2.2,0,2.8,0.7,100,37.91,25.69,45.19,73.46,6.89,15.9,9.89,23.16,17.36,13.73,77.81,11.33,35.18,28.2,76.8,857,29,14.5,32.8,33.9,16.11,19.25,44.5,79,3.9,12.35,13.25,12.25,18.75,13.5,83.75,9.85,41.25,16,83,16-0064,284,2,,34.1,-2.9,-1.17,-1.967,-0.63,-2.86,-0.66,-1.333,-0.559,-1.5,-0.58,other,none,Sepigel/Veegum/xanthan
,PFP,46.097,3.5,0.75,3.5,0,0,39.4,0.65,0.648,4.3,0.73,0.425,100,31.85,37.25,22.91,58.08,10.09,21.35,11.17,33.88,39.93,42.92,71.18,8.95,22.62,36.98,57.2,2269,20,6.7,11.2,26.85,25.02,35,17.25,60.9,9.35,23.25,13.9,35.5,46.25,49,76,8.9,31.9,36.9,60.75,16-0064,1945,31,,6.2,-0.89,2.21,-0.907,2.583,-0.91,2.33,-0.705,2.033,-0.64,1.88,silky,Gransil,Sepigel
NK16906-82,"map position (-1,-1)",81.8,0,0.3,8.7,0,0,0,0.6,7.5,0.1,0.3,0.7,100,37.8,31.74,57.3,66.71,5.21,12.4,9.87,41.58,14.7,12.69,78.34,11.64,33.2,29.3,73.03,834,28,14.4,34.1,31.6,38.43,25.3,45.9,80.3,7.5,15.5,9.9,17.8,16.7,13.8,78.5,17.6,42.8,20.8,78.7,17-041,,,,33.8,,,-1.589,-0.708,-2.03,-0.76,-0.851,-1.03,-0.83,-1.13,VICL,none,Carbopol/Simulgel/xanthan
NK16906-76,match Nivea Crème,40.05,0,0,13.5,18,0,0,14,12.75,0,1,0.7,100,52.28,59.38,55.18,52.24,32.82,47.3,12.86,52.81,16.3,13.57,38,23.65,43.65,73.73,10.71,3011,103,8.8,39.5,32.1,407.32,71.3,50.3,51.5,26.2,41,12.9,57.3,15.3,13.9,30,21.5,33.8,78.6,11.6,17-041,,,,41.3,,,2.414,0.151,2.28,0.27,2.107,-0.159,1.66,-0.13,VICL,none,Carbopol/Simulgel/xanthan
NK16906-80,match Nivea Soft Cream,74.79,0,0,5,10.2,0,0,3,5.19,0,1.12,0.7,100,42.82,46.24,43.8,62.05,20.81,32.48,11.78,44.12,16.21,13.38,59.57,16.16,38.57,47.75,50.08,1162,83,13.6,33.7,33.5,86.93,53.8,43.3,57.6,14.5,34.6,13,46.1,15.2,14.5,39.5,19.6,38.7,52.7,26,17-041,,,,34.3,,,1.225,0.203,0.97,0.32,0.325,-0.102,0.5,-0.07,VICL,none,Carbopol/Simulgel/xanthan
NK16906-81,match Olay Regenerist,61.38,0.1,0.2,3,0.5,0,29,0,4.4,0.1,0.62,0.7,100,32.42,38.42,23.83,59.29,9.1,18.25,11.27,38.75,34.38,35.88,68.31,9.25,23.79,35.07,56.32,2098,34,10.5,16.3,26.9,30.47,34.5,16.5,56.3,4,9,6.4,42.4,46,47,67.8,4.8,15.9,34.9,55.3,17-041,,,,7.3,,,-0.693,2.609,-0.64,2.35,-0.566,1.684,-0.47,1.61,VICL,homemade,Carbopol/Simulgel/xanthan
gjm647,match Olay silky,60.25,0,3,3,1.6,0,28.5,0.1,2,0.05,0.75,0.75,100,32.98,39.31,21.78,60.8,11.3,21.47,11.59,36.77,33.95,34.57,68.11,10.16,24.23,36.56,57.88,2585,50,9.1,17.1,26.3,44.61,30.3,15.9,56.8,6,12.5,9,32.8,57.9,52.8,71.3,9.9,20.8,30.8,63.5,17-041,,,,4.2,,,-1.171,2.954,-1.29,2.61,-0.58,1.709,-0.48,1.63,silky,homemade,Aristoflex
gjm644,"map position (-1,-1.5)",82.29,0,1,6.25,0,0,0,0,7.98,1.7,0.08,0.7,100,37.8,33.96,63,64.74,4.65,10.44,9.87,41.78,13.72,12.32,80.35,10.44,29.44,30.01,76.7,836,29,14,34.6,32.9,23.99,38,76,66.8,5.3,10.9,7.4,18.8,16.9,12.8,72,17.6,39,32,76,17-041,,,,33.1,,,-0.959,-1.922,-0.98,-2.7,-0.875,-1.324,-0.86,-1.5,VICL,none,Carbopol/Simulgel
gjm646,"map position (1, 2.25)",32.545,2,6.25,10.7,6.4,0,27.5,4.7,7.7,1,0.505,0.7,100,35.85,55.73,26.87,54.65,20.33,34.68,12.67,44.2,34.53,37.43,47.83,17,26.23,61.13,20.9,4594,82,4.3,21.3,43.8,63.27,63.3,20.6,52.7,12.1,24.6,13.2,60.1,24.2,27.5,37.3,12.1,21.1,67.9,14.9,17-041,,,,30.1,,,1.701,1.792,1.4,1.73,1.066,1.965,1.11,1.83,VICL,homemade,Carbopol/Simulgel
gjm650,match Vichy crème,56.81,0,0,9,7,0,4,8.6,13.49,0,0.4,0.7,100,40.34,58.64,40.38,55.27,20.37,33.5,11.84,47.12,18.51,18.28,44.08,16.54,30.3,62.05,19.74,1827,72,11.1,33.6,30.4,98.75,66.9,37,57.6,17.8,32.7,10.7,62,17.3,13.6,33.2,20.7,37,69.6,14.6,17-041,,,,37.9,,,2.05,0.651,1.78,0.77,1.413,0.517,1.33,0.57,VICL,homemade,Carbopol/Simulgel
,Dove Tinderbox,55.09,0,0,6.09,17,0,0,12,8.37,0.2,0.35,0.9,100,49.85,62.1,53.68,56.3,31.16,45.36,12.65,50.01,15.96,13.72,44.07,19.82,39.06,70.05,27.86,2564,107,11.9,38.4,28.4,460.29,73,60.8,54.6,31.6,51.8,12.5,50.7,13.4,11.8,35.1,25.8,42.5,77.7,12.8,17-041,,,,42.3,,,2.351,-0.407,2.19,-0.38,1.633,-0.245,1.45,-0.23,VICL,none,Carbopol/Veegum
,Fair & Lovely,74.89,0,0.5,1.18,0,0,0,3.65,18.01,0.9,0,0.87,100,37.95,53.62,78.11,52.7,7.07,16.23,9.89,45.68,13.27,12.43,64.65,7.42,21.63,49.51,42.13,1237,34,13.9,35.4,31.4,42.9,57.5,80.6,58.6,6.8,12.9,6.5,44.3,15.3,11.3,62,7.1,15.3,47.8,41.4,17-041,,,,35,,,0.631,-1.664,0.53,-2.23,0.626,-1.565,0.77,-1.8,other,none,none
,Intensive Firming Gel Cream,68.209,1,2,18.26,1,0,0,2,6.05,0.1,0.32,1.061,100,38.34,38.26,44.83,65.41,8.84,18.28,10.4,41.92,17.5,16.78,68.77,16.75,34.19,37.52,56.27,1551,54,12.1,31,38.9,0.32,33.9,42.7,65,9.2,17.4,12.5,41.6,19.3,16.3,66.3,19.5,30.8,30.4,56.9,17-041,,,,30.8,,,-0.441,-0.101,-0.36,-0.01,-0.3,-0.21,-0.15,-0.19,VICL,none,Carbopol
,Ponds Double White Night Lotion,81.95,0,1,8.05,0,0,0,3.3,2.2,0,2.8,0.7,100,37.91,25.69,45.19,73.46,6.89,15.9,9.89,23.16,17.36,13.73,77.81,11.33,35.18,28.2,76.8,857,29,14.5,32.8,32.3,31.51,20,43,79.4,6,12.4,15.2,12.5,19.3,13.3,83.5,18.4,41.4,16.3,83.3,17-041,,,,33.9,,,-1.972,-0.62,-2.88,-0.65,-1.333,-0.559,-1.5,-0.58,other,none,Sepigel/Veegum/xanthan
,Ponds Fine Pore,46.097,3.5,0.75,3.5,0,0,39.4,0.65,0.648,4.3,0.73,0.425,100,31.85,37.25,22.91,58.08,10.09,21.35,11.17,33.88,39.93,42.92,71.18,8.95,22.62,36.98,57.2,2269,20,6.7,11.2,26,34.24,33.9,14.5,58.3,10.9,26,11.7,32.7,60.2,64.3,78.8,12.7,29.3,32.8,63.8,17-041,,,,1.8,,,-1.203,3.388,-1.34,2.94,-0.705,2.033,-0.64,1.88,silky,Gransil,Sepigel