,id,description,water,vol. sil,non vol sil,humectant,occlusive,shear gel,elastomer,emollient,surfactant,particle,polymer,pres.,total,pred absorb.,pred cream,pred drag-I,pred gloss,pred greasy-5,pred greasy-I,pred oily-I,pred peak,pred silky-5,pred silky-I,pred spread,pred sticky-5,pred sticky-1,pred thick,pred wet ,pred visc,pred yld stress,pred dry time,pred RI8,SSNC absorb.,SE,SSNC cream,SSNC drag-I,SSNC gloss,SSNC greasy-5,SSNC greasy-I,SSNC oily-I,SSNC peak,SSNC silky-5,SSNC silky-I,SSNC spread,SSNC sticky-5,SSNC sticky-1,SSNC thick,SSNC wet ,SSNC study,meas. visc,meas yld stress,meas dry time,act RI 8,SSNC dim 1 all,SSNC dim 2 all,SSNC dim 1 15,SSNC dim 2 15,SSNC dim 1 15 corr,SSNC dim 2 15 corr,pred dim 1,pred dim 2,corr pred dim 1,corr pred  dim 2,surf chassis,elastomer type,polymer system,occlus_elast_sum,occlus_elast_cat
70,ISRM 84,"""63"" type at 43% starting solids",43.075,0.0,3.6,3.0,1.2,13.7,32.0,0.0,2.0,0.05,0.625,0.75,100,32.5,34.61,20.12,56.99,11.08,21.05,10.96,37.38,37.67,39.33,66.69,9.86,23.11,36.94,57.09,2801,49,8.2,13.6,29.88,6.89,35.5,15.84,58.12,8.62,16.46,12.77,38.62,39.62,43.5,64.73,5.32,17.04,38.19,50.92,13-0461,3216.0,63.0,6.5,11.1,-0.3,2.29,-0.498,2.4459999999999997,-0.42,2.23,-0.598,2.041,-0.51,1.89,silky,homemade,Aristoflex,33.2,4.0
66,ISRM 80,"""63"" type at 0.74 H/V",43.075,0.0,3.6,3.0,1.2,13.7,32.0,0.0,2.0,0.05,0.625,0.75,100,32.5,34.61,20.12,56.99,11.08,21.05,10.96,37.38,37.67,39.33,66.69,9.86,23.11,36.94,57.09,2801,49,8.2,13.6,22.27,104.75,34.88,16.64,58.69,7.35,14.92,13.08,39.72,43.5,44.12,63.92,5.8,16.46,37.5,51.04,13-0461,2848.0,82.0,6.6,9.4,-0.28,2.36,-0.51,2.5660000000000003,-0.43,2.32,-0.598,2.041,-0.51,1.89,silky,homemade,Aristoflex,33.2,4.0
62,ISRM 76,silky with moisturization @10% glycerin,47.2,3.0,4.0,10.0,1.5,0.0,30.0,0.0,2.0,0.75,0.7,0.85,100,33.14,38.85,18.33,61.62,11.26,21.1,11.66,37.37,36.97,39.7,66.79,13.68,25.58,38.81,52.18,3120,55,6.8,13.8,29.35,14.4,35.15,18.12,57.88,9.12,20.62,11.73,38.12,36.12,40.38,62.31,8.88,20.73,37.44,48.58,13-0461,3184.0,51.0,7.2,13.7,-0.25,2.05,-0.384,2.205,-0.3,2.05,-0.49,2.062,-0.37,1.91,silky,homemade,Aristoflex,31.5,4.0
41,ISRM 49,PJ/D5 with fatty alcohol/acid blend,0.0,17.7,0.0,0.0,65.1,0.0,0.0,0.0,17.2,0.0,0.0,0.0,100,79.33,50.61,51.1,38.97,56.55,64.96,15.89,78.3,11.9,15.79,36.95,32.86,38.76,74.73,-8.04,8154,88,0.0,40.4,94.14,219.41,45.9,26.14,42.77,56.43,68.17,17.86,73.17,14.93,15.68,41.83,34.39,42.57,68.67,16.4,11-0238,8127.0,309.0,0.0,37.6,1.82,1.71,2.06,1.036,1.8,1.12,2.89,0.233,1.84,0.28,PJ,none,none,65.1,4.0
123,,Ponds Fine Pore,46.097,3.5,0.75,3.5,0.0,0.0,39.4,0.65,0.648,4.3,0.73,0.425,100,31.85,37.25,22.91,58.08,10.09,21.35,11.17,33.88,39.93,42.92,71.18,8.95,22.62,36.98,57.2,2269,20,6.7,11.2,26.0,34.24,33.9,14.5,58.3,10.9,26.0,11.7,32.7,60.2,64.3,78.8,12.7,29.3,32.8,63.8,17-041,,,,1.8,,,-1.203,3.388,-1.34,2.94,-0.705,2.033,-0.64,1.88,silky,Gransil,Sepigel,39.4,4.0
39,ISRM 47,PJ invert (as above) with some SFSO,5.0,0.0,0.0,15.0,41.588,0.0,0.0,32.412,5.0,0.0,1.0,0.0,100,113.1,53.34,42.37,55.25,56.54,72.06,17.36,61.34,10.33,8.97,30.12,33.24,38.38,84.1,17.2,8008,165,3.4,46.4,112.8,0.09,45.2,22.2,59.5,57.77,69.83,19.54,53.4,12.5,14.96,49.0,28.77,38.17,64.33,20.36,11-0238,9000.0,304.0,0.0,37.5,1.17,1.58,1.4369999999999998,0.807,1.15,0.91,2.403,-0.106,1.75,-0.08,PJ,none,VP/hexadecene,41.588,4.0
69,ISRM 83,"""63"" type at 23% starting solids",43.075,0.0,3.6,3.0,1.2,13.7,32.0,0.0,2.0,0.05,0.625,0.75,100,32.5,34.61,20.12,56.99,11.08,21.05,10.96,37.38,37.67,39.33,66.69,9.86,23.11,36.94,57.09,2801,49,8.2,13.6,31.23,1.62,35.46,18.46,57.69,9.04,18.42,12.12,37.2,40.62,42.31,66.42,8.42,23.5,36.19,51.5,13-0461,3173.0,64.0,8.7,11.2,-0.38,2.09,-0.557,2.287,-0.48,2.11,-0.598,2.041,-0.51,1.89,silky,homemade,Aristoflex,33.2,4.0
58,ISRM 72,"""63""  (""14"" with DL50/54)",43.068999999999996,0.0,3.62,3.0,1.2,13.7,31.986,0.0,2.0,0.05,0.625,0.75,100,32.51,34.61,20.12,56.99,11.08,21.05,10.96,37.39,37.66,39.32,66.69,9.86,23.11,36.94,57.1,2801,49,8.2,13.6,26.62,34.64,34.04,16.19,58.46,8.68,16.44,11.5,34.69,41.35,42.46,63.27,8.38,16.2,36.2,52.92,13-0461,2333.0,56.0,7.7,10.9,-0.44,2.19,-0.613,2.411,-0.55,2.2,-0.598,2.04,-0.51,1.89,silky,homemade,Aristoflex,33.186,4.0
